"Kod";"Nazwa";"Rodzaje zanieczyszczeń";"Rok";"Wartosc";"Jednostka miary";"Atrybut";
0201000;"Powiat bolesławiecki";"ogółem na 1 km2 powierzchni";"2021";0,01;"t/r";"";
0202000;"Powiat dzierżoniowski";"ogółem na 1 km2 powierzchni";"2021";0,03;"t/r";"";
0203000;"Powiat głogowski";"ogółem na 1 km2 powierzchni";"2021";0,09;"t/r";"";
0204000;"Powiat górowski";"ogółem na 1 km2 powierzchni";"2021";0,01;"t/r";"";
0205000;"Powiat jaworski";"ogółem na 1 km2 powierzchni";"2021";0,04;"t/r";"";
0206000;"Powiat karkonoski";"ogółem na 1 km2 powierzchni";"2021";0,02;"t/r";"";
0207000;"Powiat kamiennogórski";"ogółem na 1 km2 powierzchni";"2021";0,02;"t/r";"";
0208000;"Powiat kłodzki";"ogółem na 1 km2 powierzchni";"2021";0,01;"t/r";"";
0209000;"Powiat legnicki";"ogółem na 1 km2 powierzchni";"2021";0,00;"t/r";"a";
0210000;"Powiat lubański";"ogółem na 1 km2 powierzchni";"2021";0,01;"t/r";"";
0211000;"Powiat lubiński";"ogółem na 1 km2 powierzchni";"2021";0,22;"t/r";"";
0212000;"Powiat lwówecki";"ogółem na 1 km2 powierzchni";"2021";0,01;"t/r";"";
0214000;"Powiat oleśnicki";"ogółem na 1 km2 powierzchni";"2021";0,01;"t/r";"";
0215000;"Powiat oławski";"ogółem na 1 km2 powierzchni";"2021";0,03;"t/r";"";
0216000;"Powiat polkowicki";"ogółem na 1 km2 powierzchni";"2021";0,26;"t/r";"";
0217000;"Powiat strzeliński";"ogółem na 1 km2 powierzchni";"2021";0,03;"t/r";"";
0218000;"Powiat średzki";"ogółem na 1 km2 powierzchni";"2021";0,01;"t/r";"";
0219000;"Powiat świdnicki";"ogółem na 1 km2 powierzchni";"2021";0,09;"t/r";"";
0221000;"Powiat wałbrzyski";"ogółem na 1 km2 powierzchni";"2021";0,00;"t/r";"a";
0222000;"Powiat wołowski";"ogółem na 1 km2 powierzchni";"2021";0,01;"t/r";"";
0223000;"Powiat wrocławski";"ogółem na 1 km2 powierzchni";"2021";0,08;"t/r";"";
0225000;"Powiat zgorzelecki";"ogółem na 1 km2 powierzchni";"2021";0,38;"t/r";"";
0226000;"Powiat złotoryjski";"ogółem na 1 km2 powierzchni";"2021";0,01;"t/r";"";
0261000;"Powiat m.Jelenia Góra";"ogółem na 1 km2 powierzchni";"2021";0,28;"t/r";"";
0262000;"Powiat m.Legnica";"ogółem na 1 km2 powierzchni";"2021";0,64;"t/r";"";
0264000;"Powiat m.Wrocław";"ogółem na 1 km2 powierzchni";"2021";0,47;"t/r";"";
0265000;"Powiat m.Wałbrzych od 2013";"ogółem na 1 km2 powierzchni";"2021";1,74;"t/r";"";
0401000;"Powiat aleksandrowski";"ogółem na 1 km2 powierzchni";"2021";0,04;"t/r";"";
0402000;"Powiat brodnicki";"ogółem na 1 km2 powierzchni";"2021";0,00;"t/r";"a";
0403000;"Powiat bydgoski";"ogółem na 1 km2 powierzchni";"2021";0,05;"t/r";"";
0405000;"Powiat golubsko-dobrzyński";"ogółem na 1 km2 powierzchni";"2021";0,01;"t/r";"";
0407000;"Powiat inowrocławski";"ogółem na 1 km2 powierzchni";"2021";0,40;"t/r";"";
0408000;"Powiat lipnowski";"ogółem na 1 km2 powierzchni";"2021";0,06;"t/r";"";
0409000;"Powiat mogileński";"ogółem na 1 km2 powierzchni";"2021";0,04;"t/r";"";
0410000;"Powiat nakielski";"ogółem na 1 km2 powierzchni";"2021";0,03;"t/r";"";
0412000;"Powiat rypiński";"ogółem na 1 km2 powierzchni";"2021";0,00;"t/r";"a";
0414000;"Powiat świecki";"ogółem na 1 km2 powierzchni";"2021";0,17;"t/r";"";
0415000;"Powiat toruński";"ogółem na 1 km2 powierzchni";"2021";0,03;"t/r";"";
0417000;"Powiat wąbrzeski";"ogółem na 1 km2 powierzchni";"2021";0,00;"t/r";"a";
0418000;"Powiat włocławski";"ogółem na 1 km2 powierzchni";"2021";0,01;"t/r";"";
0419000;"Powiat żniński";"ogółem na 1 km2 powierzchni";"2021";0,14;"t/r";"";
0461000;"Powiat m.Bydgoszcz";"ogółem na 1 km2 powierzchni";"2021";0,92;"t/r";"";
0462000;"Powiat m.Grudziądz";"ogółem na 1 km2 powierzchni";"2021";0,71;"t/r";"";
0463000;"Powiat m.Toruń";"ogółem na 1 km2 powierzchni";"2021";0,25;"t/r";"";
0464000;"Powiat m.Włocławek";"ogółem na 1 km2 powierzchni";"2021";5,76;"t/r";"";
0601000;"Powiat bialski";"ogółem na 1 km2 powierzchni";"2021";0,00;"t/r";"a";
0602000;"Powiat biłgorajski";"ogółem na 1 km2 powierzchni";"2021";0,02;"t/r";"";
0604000;"Powiat hrubieszowski";"ogółem na 1 km2 powierzchni";"2021";0,01;"t/r";"";
0606000;"Powiat krasnostawski";"ogółem na 1 km2 powierzchni";"2021";0,09;"t/r";"";
0607000;"Powiat kraśnicki";"ogółem na 1 km2 powierzchni";"2021";0,02;"t/r";"";
0608000;"Powiat lubartowski";"ogółem na 1 km2 powierzchni";"2021";0,02;"t/r";"";
0609000;"Powiat lubelski";"ogółem na 1 km2 powierzchni";"2021";0,02;"t/r";"";
0610000;"Powiat łęczyński";"ogółem na 1 km2 powierzchni";"2021";0,01;"t/r";"";
0611000;"Powiat łukowski";"ogółem na 1 km2 powierzchni";"2021";0,01;"t/r";"";
0612000;"Powiat opolski";"ogółem na 1 km2 powierzchni";"2021";0,03;"t/r";"";
0613000;"Powiat parczewski";"ogółem na 1 km2 powierzchni";"2021";0,01;"t/r";"";
0614000;"Powiat puławski";"ogółem na 1 km2 powierzchni";"2021";0,50;"t/r";"";
0615000;"Powiat radzyński";"ogółem na 1 km2 powierzchni";"2021";0,01;"t/r";"";
0616000;"Powiat rycki";"ogółem na 1 km2 powierzchni";"2021";0,02;"t/r";"";
0617000;"Powiat świdnicki";"ogółem na 1 km2 powierzchni";"2021";0,02;"t/r";"";
0618000;"Powiat tomaszowski";"ogółem na 1 km2 powierzchni";"2021";0,01;"t/r";"";
0619000;"Powiat włodawski";"ogółem na 1 km2 powierzchni";"2021";0,00;"t/r";"a";
0620000;"Powiat zamojski";"ogółem na 1 km2 powierzchni";"2021";0,01;"t/r";"";
0661000;"Powiat m.Biała Podlaska";"ogółem na 1 km2 powierzchni";"2021";0,94;"t/r";"";
0662000;"Powiat m.Chełm";"ogółem na 1 km2 powierzchni";"2021";4,29;"t/r";"";
0663000;"Powiat m.Lublin";"ogółem na 1 km2 powierzchni";"2021";1,02;"t/r";"";
0664000;"Powiat m.Zamość";"ogółem na 1 km2 powierzchni";"2021";1,03;"t/r";"";
0801000;"Powiat gorzowski";"ogółem na 1 km2 powierzchni";"2021";0,10;"t/r";"";
0802000;"Powiat krośnieński";"ogółem na 1 km2 powierzchni";"2021";0,04;"t/r";"";
0803000;"Powiat międzyrzecki";"ogółem na 1 km2 powierzchni";"2021";0,03;"t/r";"";
0804000;"Powiat nowosolski";"ogółem na 1 km2 powierzchni";"2021";0,02;"t/r";"";
0805000;"Powiat słubicki";"ogółem na 1 km2 powierzchni";"2021";0,02;"t/r";"";
0806000;"Powiat strzelecko-drezdenecki";"ogółem na 1 km2 powierzchni";"2021";0,02;"t/r";"";
0807000;"Powiat sulęciński";"ogółem na 1 km2 powierzchni";"2021";0,01;"t/r";"";
0808000;"Powiat świebodziński";"ogółem na 1 km2 powierzchni";"2021";0,04;"t/r";"";
0809000;"Powiat zielonogórski";"ogółem na 1 km2 powierzchni";"2021";0,09;"t/r";"";
0810000;"Powiat żagański";"ogółem na 1 km2 powierzchni";"2021";0,03;"t/r";"";
0811000;"Powiat żarski";"ogółem na 1 km2 powierzchni";"2021";0,06;"t/r";"";
0861000;"Powiat m.Gorzów Wielkopolski";"ogółem na 1 km2 powierzchni";"2021";0,17;"t/r";"";
0862000;"Powiat m.Zielona Góra";"ogółem na 1 km2 powierzchni";"2021";0,09;"t/r";"";
1001000;"Powiat bełchatowski";"ogółem na 1 km2 powierzchni";"2021";0,72;"t/r";"";
1002000;"Powiat kutnowski";"ogółem na 1 km2 powierzchni";"2021";0,08;"t/r";"";
1003000;"Powiat łaski";"ogółem na 1 km2 powierzchni";"2021";0,02;"t/r";"";
1005000;"Powiat łowicki";"ogółem na 1 km2 powierzchni";"2021";0,02;"t/r";"";
1007000;"Powiat opoczyński";"ogółem na 1 km2 powierzchni";"2021";0,11;"t/r";"";
1008000;"Powiat pabianicki";"ogółem na 1 km2 powierzchni";"2021";0,01;"t/r";"";
1009000;"Powiat pajęczański";"ogółem na 1 km2 powierzchni";"2021";0,07;"t/r";"";
1010000;"Powiat piotrkowski";"ogółem na 1 km2 powierzchni";"2021";0,01;"t/r";"";
1012000;"Powiat radomszczański";"ogółem na 1 km2 powierzchni";"2021";0,02;"t/r";"";
1014000;"Powiat sieradzki";"ogółem na 1 km2 powierzchni";"2021";0,03;"t/r";"";
1016000;"Powiat tomaszowski";"ogółem na 1 km2 powierzchni";"2021";0,04;"t/r";"";
1017000;"Powiat wieluński";"ogółem na 1 km2 powierzchni";"2021";0,07;"t/r";"";
1018000;"Powiat wieruszowski";"ogółem na 1 km2 powierzchni";"2021";0,12;"t/r";"";
1019000;"Powiat zduńskowolski";"ogółem na 1 km2 powierzchni";"2021";0,04;"t/r";"";
1020000;"Powiat zgierski";"ogółem na 1 km2 powierzchni";"2021";0,08;"t/r";"";
1021000;"Powiat brzeziński";"ogółem na 1 km2 powierzchni";"2021";0,01;"t/r";"";
1061000;"Powiat m.Łódź";"ogółem na 1 km2 powierzchni";"2021";0,27;"t/r";"";
1062000;"Powiat m.Piotrków Trybunalski";"ogółem na 1 km2 powierzchni";"2021";2,15;"t/r";"";
1063000;"Powiat m.Skierniewice";"ogółem na 1 km2 powierzchni";"2021";1,54;"t/r";"";
1201000;"Powiat bocheński";"ogółem na 1 km2 powierzchni";"2021";0,01;"t/r";"";
1202000;"Powiat brzeski";"ogółem na 1 km2 powierzchni";"2021";0,03;"t/r";"";
1203000;"Powiat chrzanowski";"ogółem na 1 km2 powierzchni";"2021";0,34;"t/r";"";
1205000;"Powiat gorlicki";"ogółem na 1 km2 powierzchni";"2021";0,11;"t/r";"";
1206000;"Powiat krakowski";"ogółem na 1 km2 powierzchni";"2021";0,07;"t/r";"";
1207000;"Powiat limanowski";"ogółem na 1 km2 powierzchni";"2021";0,02;"t/r";"";
1208000;"Powiat miechowski";"ogółem na 1 km2 powierzchni";"2021";0,02;"t/r";"";
1209000;"Powiat myślenicki";"ogółem na 1 km2 powierzchni";"2021";0,01;"t/r";"";
1210000;"Powiat nowosądecki";"ogółem na 1 km2 powierzchni";"2021";0,01;"t/r";"";
1211000;"Powiat nowotarski";"ogółem na 1 km2 powierzchni";"2021";0,00;"t/r";"a";
1212000;"Powiat olkuski";"ogółem na 1 km2 powierzchni";"2021";0,15;"t/r";"";
1213000;"Powiat oświęcimski";"ogółem na 1 km2 powierzchni";"2021";0,20;"t/r";"";
1214000;"Powiat proszowicki";"ogółem na 1 km2 powierzchni";"2021";0,02;"t/r";"";
1215000;"Powiat suski";"ogółem na 1 km2 powierzchni";"2021";0,01;"t/r";"";
1216000;"Powiat tarnowski";"ogółem na 1 km2 powierzchni";"2021";0,01;"t/r";"";
1218000;"Powiat wadowicki";"ogółem na 1 km2 powierzchni";"2021";0,06;"t/r";"";
1219000;"Powiat wielicki";"ogółem na 1 km2 powierzchni";"2021";0,01;"t/r";"";
1261000;"Powiat m.Kraków";"ogółem na 1 km2 powierzchni";"2021";0,70;"t/r";"";
1262000;"Powiat m.Nowy Sącz";"ogółem na 1 km2 powierzchni";"2021";0,60;"t/r";"";
1263000;"Powiat m.Tarnów";"ogółem na 1 km2 powierzchni";"2021";3,60;"t/r";"";
1401000;"Powiat białobrzeski";"ogółem na 1 km2 powierzchni";"2021";0,03;"t/r";"";
1402000;"Powiat ciechanowski";"ogółem na 1 km2 powierzchni";"2021";0,10;"t/r";"";
1403000;"Powiat garwoliński";"ogółem na 1 km2 powierzchni";"2021";0,02;"t/r";"";
1404000;"Powiat gostyniński";"ogółem na 1 km2 powierzchni";"2021";0,01;"t/r";"";
1406000;"Powiat grójecki";"ogółem na 1 km2 powierzchni";"2021";0,04;"t/r";"";
1407000;"Powiat kozienicki";"ogółem na 1 km2 powierzchni";"2021";0,52;"t/r";"";
1408000;"Powiat legionowski";"ogółem na 1 km2 powierzchni";"2021";0,12;"t/r";"";
1409000;"Powiat lipski";"ogółem na 1 km2 powierzchni";"2021";0,02;"t/r";"";
1410000;"Powiat łosicki";"ogółem na 1 km2 powierzchni";"2021";0,02;"t/r";"";
1411000;"Powiat makowski";"ogółem na 1 km2 powierzchni";"2021";0,00;"t/r";"a";
1412000;"Powiat miński";"ogółem na 1 km2 powierzchni";"2021";0,01;"t/r";"";
1413000;"Powiat mławski";"ogółem na 1 km2 powierzchni";"2021";0,00;"t/r";"a";
1414000;"Powiat nowodworski";"ogółem na 1 km2 powierzchni";"2021";0,04;"t/r";"";
1416000;"Powiat ostrowski";"ogółem na 1 km2 powierzchni";"2021";0,10;"t/r";"";
1417000;"Powiat otwocki";"ogółem na 1 km2 powierzchni";"2021";0,03;"t/r";"";
1418000;"Powiat piaseczyński";"ogółem na 1 km2 powierzchni";"2021";0,01;"t/r";"";
1419000;"Powiat płocki";"ogółem na 1 km2 powierzchni";"2021";0,00;"t/r";"a";
1420000;"Powiat płoński";"ogółem na 1 km2 powierzchni";"2021";0,02;"t/r";"";
1421000;"Powiat pruszkowski";"ogółem na 1 km2 powierzchni";"2021";0,16;"t/r";"";
1422000;"Powiat przasnyski";"ogółem na 1 km2 powierzchni";"2021";0,00;"t/r";"a";
1423000;"Powiat przysuski";"ogółem na 1 km2 powierzchni";"2021";0,01;"t/r";"";
1424000;"Powiat pułtuski";"ogółem na 1 km2 powierzchni";"2021";0,02;"t/r";"";
1425000;"Powiat radomski";"ogółem na 1 km2 powierzchni";"2021";0,02;"t/r";"";
1426000;"Powiat siedlecki";"ogółem na 1 km2 powierzchni";"2021";0,02;"t/r";"";
1427000;"Powiat sierpecki";"ogółem na 1 km2 powierzchni";"2021";0,00;"t/r";"a";
1428000;"Powiat sochaczewski";"ogółem na 1 km2 powierzchni";"2021";0,02;"t/r";"";
1429000;"Powiat sokołowski";"ogółem na 1 km2 powierzchni";"2021";0,01;"t/r";"";
1430000;"Powiat szydłowiecki";"ogółem na 1 km2 powierzchni";"2021";0,01;"t/r";"";
1432000;"Powiat warszawski zachodni";"ogółem na 1 km2 powierzchni";"2021";0,01;"t/r";"";
1433000;"Powiat węgrowski";"ogółem na 1 km2 powierzchni";"2021";0,01;"t/r";"";
1434000;"Powiat wołomiński";"ogółem na 1 km2 powierzchni";"2021";0,06;"t/r";"";
1435000;"Powiat wyszkowski";"ogółem na 1 km2 powierzchni";"2021";0,04;"t/r";"";
1437000;"Powiat żuromiński";"ogółem na 1 km2 powierzchni";"2021";0,09;"t/r";"";
1438000;"Powiat żyrardowski";"ogółem na 1 km2 powierzchni";"2021";0,05;"t/r";"";
1461000;"Powiat m.Ostrołęka";"ogółem na 1 km2 powierzchni";"2021";3,09;"t/r";"";
1462000;"Powiat m.Płock";"ogółem na 1 km2 powierzchni";"2021";1,92;"t/r";"";
1463000;"Powiat m.Radom";"ogółem na 1 km2 powierzchni";"2021";0,77;"t/r";"";
1464000;"Powiat m.Siedlce";"ogółem na 1 km2 powierzchni";"2021";2,19;"t/r";"";
1465000;"Powiat m. st. Warszawa";"ogółem na 1 km2 powierzchni";"2021";0,44;"t/r";"";
1601000;"Powiat brzeski";"ogółem na 1 km2 powierzchni";"2021";0,03;"t/r";"";
1602000;"Powiat głubczycki";"ogółem na 1 km2 powierzchni";"2021";0,10;"t/r";"";
1603000;"Powiat kędzierzyńsko-kozielski";"ogółem na 1 km2 powierzchni";"2021";0,40;"t/r";"";
1604000;"Powiat kluczborski";"ogółem na 1 km2 powierzchni";"2021";0,04;"t/r";"";
1605000;"Powiat krapkowicki";"ogółem na 1 km2 powierzchni";"2021";0,48;"t/r";"";
1606000;"Powiat namysłowski";"ogółem na 1 km2 powierzchni";"2021";0,04;"t/r";"";
1607000;"Powiat nyski";"ogółem na 1 km2 powierzchni";"2021";0,03;"t/r";"";
1608000;"Powiat oleski";"ogółem na 1 km2 powierzchni";"2021";0,02;"t/r";"";
1609000;"Powiat opolski";"ogółem na 1 km2 powierzchni";"2021";0,03;"t/r";"";
1610000;"Powiat prudnicki";"ogółem na 1 km2 powierzchni";"2021";0,01;"t/r";"";
1611000;"Powiat strzelecki";"ogółem na 1 km2 powierzchni";"2021";0,07;"t/r";"";
1661000;"Powiat m.Opole";"ogółem na 1 km2 powierzchni";"2021";2,79;"t/r";"";
1801000;"Powiat bieszczadzki";"ogółem na 1 km2 powierzchni";"2021";0,01;"t/r";"";
1802000;"Powiat brzozowski";"ogółem na 1 km2 powierzchni";"2021";0,00;"t/r";"a";
1803000;"Powiat dębicki";"ogółem na 1 km2 powierzchni";"2021";0,06;"t/r";"";
1804000;"Powiat jarosławski";"ogółem na 1 km2 powierzchni";"2021";0,02;"t/r";"";
1805000;"Powiat jasielski";"ogółem na 1 km2 powierzchni";"2021";0,07;"t/r";"";
1806000;"Powiat kolbuszowski";"ogółem na 1 km2 powierzchni";"2021";0,00;"t/r";"a";
1807000;"Powiat krośnieński";"ogółem na 1 km2 powierzchni";"2021";0,01;"t/r";"";
1808000;"Powiat leżajski";"ogółem na 1 km2 powierzchni";"2021";0,01;"t/r";"";
1809000;"Powiat lubaczowski";"ogółem na 1 km2 powierzchni";"2021";0,00;"t/r";"a";
1810000;"Powiat łańcucki";"ogółem na 1 km2 powierzchni";"2021";0,02;"t/r";"";
1811000;"Powiat mielecki";"ogółem na 1 km2 powierzchni";"2021";0,12;"t/r";"";
1813000;"Powiat przemyski";"ogółem na 1 km2 powierzchni";"2021";0,00;"t/r";"a";
1814000;"Powiat przeworski";"ogółem na 1 km2 powierzchni";"2021";0,01;"t/r";"";
1815000;"Powiat ropczycko-sędziszowski";"ogółem na 1 km2 powierzchni";"2021";0,11;"t/r";"";
1816000;"Powiat rzeszowski";"ogółem na 1 km2 powierzchni";"2021";0,01;"t/r";"";
1817000;"Powiat sanocki";"ogółem na 1 km2 powierzchni";"2021";0,03;"t/r";"";
1818000;"Powiat stalowowolski";"ogółem na 1 km2 powierzchni";"2021";0,30;"t/r";"";
1820000;"Powiat tarnobrzeski";"ogółem na 1 km2 powierzchni";"2021";0,01;"t/r";"";
1861000;"Powiat m.Krosno";"ogółem na 1 km2 powierzchni";"2021";0,96;"t/r";"";
1862000;"Powiat m.Przemyśl";"ogółem na 1 km2 powierzchni";"2021";0,65;"t/r";"";
1863000;"Powiat m.Rzeszów";"ogółem na 1 km2 powierzchni";"2021";1,36;"t/r";"";
1864000;"Powiat m.Tarnobrzeg";"ogółem na 1 km2 powierzchni";"2021";0,21;"t/r";"";
2001000;"Powiat augustowski";"ogółem na 1 km2 powierzchni";"2021";0,02;"t/r";"";
2002000;"Powiat białostocki";"ogółem na 1 km2 powierzchni";"2021";0,01;"t/r";"";
2003000;"Powiat bielski";"ogółem na 1 km2 powierzchni";"2021";0,01;"t/r";"";
2004000;"Powiat grajewski";"ogółem na 1 km2 powierzchni";"2021";0,12;"t/r";"";
2005000;"Powiat hajnowski";"ogółem na 1 km2 powierzchni";"2021";0,04;"t/r";"";
2006000;"Powiat kolneński";"ogółem na 1 km2 powierzchni";"2021";0,01;"t/r";"";
2007000;"Powiat łomżyński";"ogółem na 1 km2 powierzchni";"2021";0,01;"t/r";"";
2008000;"Powiat moniecki";"ogółem na 1 km2 powierzchni";"2021";0,00;"t/r";"a";
2009000;"Powiat sejneński";"ogółem na 1 km2 powierzchni";"2021";0,03;"t/r";"";
2010000;"Powiat siemiatycki";"ogółem na 1 km2 powierzchni";"2021";0,01;"t/r";"";
2011000;"Powiat sokólski";"ogółem na 1 km2 powierzchni";"2021";0,01;"t/r";"";
2013000;"Powiat wysokomazowiecki";"ogółem na 1 km2 powierzchni";"2021";0,01;"t/r";"";
2014000;"Powiat zambrowski";"ogółem na 1 km2 powierzchni";"2021";0,02;"t/r";"";
2061000;"Powiat m.Białystok";"ogółem na 1 km2 powierzchni";"2021";0,55;"t/r";"";
2062000;"Powiat m.Łomża";"ogółem na 1 km2 powierzchni";"2021";1,12;"t/r";"";
2063000;"Powiat m.Suwałki";"ogółem na 1 km2 powierzchni";"2021";0,30;"t/r";"";
2201000;"Powiat bytowski";"ogółem na 1 km2 powierzchni";"2021";0,01;"t/r";"";
2202000;"Powiat chojnicki";"ogółem na 1 km2 powierzchni";"2021";0,01;"t/r";"";
2203000;"Powiat człuchowski";"ogółem na 1 km2 powierzchni";"2021";0,00;"t/r";"a";
2205000;"Powiat kartuski";"ogółem na 1 km2 powierzchni";"2021";0,01;"t/r";"";
2206000;"Powiat kościerski";"ogółem na 1 km2 powierzchni";"2021";0,02;"t/r";"";
2207000;"Powiat kwidzyński";"ogółem na 1 km2 powierzchni";"2021";0,11;"t/r";"";
2208000;"Powiat lęborski";"ogółem na 1 km2 powierzchni";"2021";0,04;"t/r";"";
2209000;"Powiat malborski";"ogółem na 1 km2 powierzchni";"2021";0,02;"t/r";"";
2210000;"Powiat nowodworski";"ogółem na 1 km2 powierzchni";"2021";0,00;"t/r";"a";
2211000;"Powiat pucki";"ogółem na 1 km2 powierzchni";"2021";0,00;"t/r";"a";
2212000;"Powiat słupski";"ogółem na 1 km2 powierzchni";"2021";0,00;"t/r";"a";
2213000;"Powiat starogardzki";"ogółem na 1 km2 powierzchni";"2021";0,09;"t/r";"";
2214000;"Powiat tczewski";"ogółem na 1 km2 powierzchni";"2021";0,05;"t/r";"";
2215000;"Powiat wejherowski";"ogółem na 1 km2 powierzchni";"2021";0,02;"t/r";"";
2216000;"Powiat sztumski";"ogółem na 1 km2 powierzchni";"2021";0,00;"t/r";"a";
2261000;"Powiat m.Gdańsk";"ogółem na 1 km2 powierzchni";"2021";0,45;"t/r";"";
2262000;"Powiat m.Gdynia";"ogółem na 1 km2 powierzchni";"2021";0,28;"t/r";"";
2263000;"Powiat m.Słupsk";"ogółem na 1 km2 powierzchni";"2021";3,35;"t/r";"";
2401000;"Powiat będziński";"ogółem na 1 km2 powierzchni";"2021";0,15;"t/r";"";
2402000;"Powiat bielski";"ogółem na 1 km2 powierzchni";"2021";0,12;"t/r";"";
2403000;"Powiat cieszyński";"ogółem na 1 km2 powierzchni";"2021";0,12;"t/r";"";
2404000;"Powiat częstochowski";"ogółem na 1 km2 powierzchni";"2021";0,03;"t/r";"";
2405000;"Powiat gliwicki";"ogółem na 1 km2 powierzchni";"2021";0,05;"t/r";"";
2406000;"Powiat kłobucki";"ogółem na 1 km2 powierzchni";"2021";0,02;"t/r";"";
2407000;"Powiat lubliniecki";"ogółem na 1 km2 powierzchni";"2021";0,07;"t/r";"";
2408000;"Powiat mikołowski";"ogółem na 1 km2 powierzchni";"2021";0,97;"t/r";"";
2409000;"Powiat myszkowski";"ogółem na 1 km2 powierzchni";"2021";0,02;"t/r";"";
2410000;"Powiat pszczyński";"ogółem na 1 km2 powierzchni";"2021";0,20;"t/r";"";
2411000;"Powiat raciborski";"ogółem na 1 km2 powierzchni";"2021";0,20;"t/r";"";
2412000;"Powiat rybnicki";"ogółem na 1 km2 powierzchni";"2021";0,07;"t/r";"";
2413000;"Powiat tarnogórski";"ogółem na 1 km2 powierzchni";"2021";0,09;"t/r";"";
2414000;"Powiat bieruńsko-lędziński";"ogółem na 1 km2 powierzchni";"2021";0,80;"t/r";"";
2415000;"Powiat wodzisławski";"ogółem na 1 km2 powierzchni";"2021";0,61;"t/r";"";
2416000;"Powiat zawierciański";"ogółem na 1 km2 powierzchni";"2021";0,11;"t/r";"";
2417000;"Powiat żywiecki";"ogółem na 1 km2 powierzchni";"2021";0,01;"t/r";"";
2461000;"Powiat m.Bielsko-Biała";"ogółem na 1 km2 powierzchni";"2021";0,40;"t/r";"";
2462000;"Powiat m.Bytom";"ogółem na 1 km2 powierzchni";"2021";1,49;"t/r";"";
2463000;"Powiat m.Chorzów";"ogółem na 1 km2 powierzchni";"2021";2,27;"t/r";"";
2464000;"Powiat m.Częstochowa";"ogółem na 1 km2 powierzchni";"2021";0,67;"t/r";"";
2465000;"Powiat m.Dąbrowa Górnicza";"ogółem na 1 km2 powierzchni";"2021";5,54;"t/r";"";
2466000;"Powiat m.Gliwice";"ogółem na 1 km2 powierzchni";"2021";1,16;"t/r";"";
2467000;"Powiat m.Jastrzębie-Zdrój";"ogółem na 1 km2 powierzchni";"2021";1,48;"t/r";"";
2468000;"Powiat m.Jaworzno";"ogółem na 1 km2 powierzchni";"2021";2,34;"t/r";"";
2469000;"Powiat m.Katowice";"ogółem na 1 km2 powierzchni";"2021";0,80;"t/r";"";
2470000;"Powiat m.Mysłowice";"ogółem na 1 km2 powierzchni";"2021";0,79;"t/r";"";
2471000;"Powiat m.Piekary Śląskie";"ogółem na 1 km2 powierzchni";"2021";0,38;"t/r";"";
2472000;"Powiat m.Ruda Śląska";"ogółem na 1 km2 powierzchni";"2021";1,54;"t/r";"";
2473000;"Powiat m.Rybnik";"ogółem na 1 km2 powierzchni";"2021";2,77;"t/r";"";
2474000;"Powiat m.Siemianowice Śląskie";"ogółem na 1 km2 powierzchni";"2021";1,36;"t/r";"";
2475000;"Powiat m.Sosnowiec";"ogółem na 1 km2 powierzchni";"2021";0,27;"t/r";"";
2476000;"Powiat m.Świętochłowice";"ogółem na 1 km2 powierzchni";"2021";0,54;"t/r";"";
2477000;"Powiat m.Tychy";"ogółem na 1 km2 powierzchni";"2021";0,66;"t/r";"";
2478000;"Powiat m.Zabrze";"ogółem na 1 km2 powierzchni";"2021";1,10;"t/r";"";
2479000;"Powiat m.Żory";"ogółem na 1 km2 powierzchni";"2021";0,46;"t/r";"";
2601000;"Powiat buski";"ogółem na 1 km2 powierzchni";"2021";0,00;"t/r";"a";
2602000;"Powiat jędrzejowski";"ogółem na 1 km2 powierzchni";"2021";0,07;"t/r";"";
2603000;"Powiat kazimierski";"ogółem na 1 km2 powierzchni";"2021";0,01;"t/r";"";
2604000;"Powiat kielecki";"ogółem na 1 km2 powierzchni";"2021";0,08;"t/r";"";
2605000;"Powiat konecki";"ogółem na 1 km2 powierzchni";"2021";0,08;"t/r";"";
2606000;"Powiat opatowski";"ogółem na 1 km2 powierzchni";"2021";0,10;"t/r";"";
2607000;"Powiat ostrowiecki";"ogółem na 1 km2 powierzchni";"2021";0,13;"t/r";"";
2608000;"Powiat pińczowski";"ogółem na 1 km2 powierzchni";"2021";0,09;"t/r";"";
2609000;"Powiat sandomierski";"ogółem na 1 km2 powierzchni";"2021";0,05;"t/r";"";
2610000;"Powiat skarżyski";"ogółem na 1 km2 powierzchni";"2021";0,05;"t/r";"";
2611000;"Powiat starachowicki";"ogółem na 1 km2 powierzchni";"2021";0,17;"t/r";"";
2612000;"Powiat staszowski";"ogółem na 1 km2 powierzchni";"2021";0,43;"t/r";"";
2613000;"Powiat włoszczowski";"ogółem na 1 km2 powierzchni";"2021";0,06;"t/r";"";
2661000;"Powiat m.Kielce";"ogółem na 1 km2 powierzchni";"2021";1,19;"t/r";"";
2801000;"Powiat bartoszycki";"ogółem na 1 km2 powierzchni";"2021";0,01;"t/r";"";
2802000;"Powiat braniewski";"ogółem na 1 km2 powierzchni";"2021";0,02;"t/r";"";
2803000;"Powiat działdowski";"ogółem na 1 km2 powierzchni";"2021";0,03;"t/r";"";
2804000;"Powiat elbląski";"ogółem na 1 km2 powierzchni";"2021";0,03;"t/r";"";
2805000;"Powiat ełcki";"ogółem na 1 km2 powierzchni";"2021";0,02;"t/r";"";
2806000;"Powiat giżycki";"ogółem na 1 km2 powierzchni";"2021";0,03;"t/r";"";
2807000;"Powiat iławski";"ogółem na 1 km2 powierzchni";"2021";0,03;"t/r";"";
2808000;"Powiat kętrzyński";"ogółem na 1 km2 powierzchni";"2021";0,02;"t/r";"";
2809000;"Powiat lidzbarski";"ogółem na 1 km2 powierzchni";"2021";0,01;"t/r";"";
2810000;"Powiat mrągowski";"ogółem na 1 km2 powierzchni";"2021";0,01;"t/r";"";
2811000;"Powiat nidzicki";"ogółem na 1 km2 powierzchni";"2021";0,01;"t/r";"";
2812000;"Powiat nowomiejski";"ogółem na 1 km2 powierzchni";"2021";0,01;"t/r";"";
2813000;"Powiat olecki";"ogółem na 1 km2 powierzchni";"2021";0,02;"t/r";"";
2814000;"Powiat olsztyński";"ogółem na 1 km2 powierzchni";"2021";0,00;"t/r";"a";
2815000;"Powiat ostródzki";"ogółem na 1 km2 powierzchni";"2021";0,03;"t/r";"";
2816000;"Powiat piski";"ogółem na 1 km2 powierzchni";"2021";0,02;"t/r";"";
2817000;"Powiat szczycieński";"ogółem na 1 km2 powierzchni";"2021";0,01;"t/r";"";
2819000;"Powiat węgorzewski";"ogółem na 1 km2 powierzchni";"2021";0,00;"t/r";"a";
2861000;"Powiat m.Elbląg";"ogółem na 1 km2 powierzchni";"2021";0,91;"t/r";"";
2862000;"Powiat m.Olsztyn";"ogółem na 1 km2 powierzchni";"2021";1,09;"t/r";"";
3001000;"Powiat chodzieski";"ogółem na 1 km2 powierzchni";"2021";0,01;"t/r";"";
3002000;"Powiat czarnkowsko-trzcianecki";"ogółem na 1 km2 powierzchni";"2021";0,10;"t/r";"";
3003000;"Powiat gnieźnieński";"ogółem na 1 km2 powierzchni";"2021";0,06;"t/r";"";
3004000;"Powiat gostyński";"ogółem na 1 km2 powierzchni";"2021";0,03;"t/r";"";
3006000;"Powiat jarociński";"ogółem na 1 km2 powierzchni";"2021";0,01;"t/r";"";
3007000;"Powiat kaliski";"ogółem na 1 km2 powierzchni";"2021";0,02;"t/r";"";
3008000;"Powiat kępiński";"ogółem na 1 km2 powierzchni";"2021";0,02;"t/r";"";
3009000;"Powiat kolski";"ogółem na 1 km2 powierzchni";"2021";0,09;"t/r";"";
3010000;"Powiat koniński";"ogółem na 1 km2 powierzchni";"2021";0,01;"t/r";"";
3011000;"Powiat kościański";"ogółem na 1 km2 powierzchni";"2021";0,01;"t/r";"";
3012000;"Powiat krotoszyński";"ogółem na 1 km2 powierzchni";"2021";0,04;"t/r";"";
3013000;"Powiat leszczyński";"ogółem na 1 km2 powierzchni";"2021";0,01;"t/r";"";
3014000;"Powiat międzychodzki";"ogółem na 1 km2 powierzchni";"2021";0,00;"t/r";"a";
3015000;"Powiat nowotomyski";"ogółem na 1 km2 powierzchni";"2021";0,04;"t/r";"";
3017000;"Powiat ostrowski";"ogółem na 1 km2 powierzchni";"2021";0,01;"t/r";"";
3018000;"Powiat ostrzeszowski";"ogółem na 1 km2 powierzchni";"2021";0,01;"t/r";"";
3019000;"Powiat pilski";"ogółem na 1 km2 powierzchni";"2021";0,06;"t/r";"";
3021000;"Powiat poznański";"ogółem na 1 km2 powierzchni";"2021";0,01;"t/r";"";
3022000;"Powiat rawicki";"ogółem na 1 km2 powierzchni";"2021";0,03;"t/r";"";
3023000;"Powiat słupecki";"ogółem na 1 km2 powierzchni";"2021";0,01;"t/r";"";
3024000;"Powiat szamotulski";"ogółem na 1 km2 powierzchni";"2021";0,02;"t/r";"";
3025000;"Powiat średzki";"ogółem na 1 km2 powierzchni";"2021";0,03;"t/r";"";
3026000;"Powiat śremski";"ogółem na 1 km2 powierzchni";"2021";0,06;"t/r";"";
3027000;"Powiat turecki";"ogółem na 1 km2 powierzchni";"2021";0,02;"t/r";"";
3029000;"Powiat wolsztyński";"ogółem na 1 km2 powierzchni";"2021";0,01;"t/r";"";
3030000;"Powiat wrzesiński";"ogółem na 1 km2 powierzchni";"2021";0,02;"t/r";"";
3031000;"Powiat złotowski";"ogółem na 1 km2 powierzchni";"2021";0,00;"t/r";"a";
3061000;"Powiat m.Kalisz";"ogółem na 1 km2 powierzchni";"2021";1,84;"t/r";"";
3062000;"Powiat m.Konin";"ogółem na 1 km2 powierzchni";"2021";4,83;"t/r";"";
3063000;"Powiat m.Leszno";"ogółem na 1 km2 powierzchni";"2021";1,25;"t/r";"";
3064000;"Powiat m.Poznań";"ogółem na 1 km2 powierzchni";"2021";0,50;"t/r";"";
3201000;"Powiat białogardzki";"ogółem na 1 km2 powierzchni";"2021";0,09;"t/r";"";
3202000;"Powiat choszczeński";"ogółem na 1 km2 powierzchni";"2021";0,01;"t/r";"";
3203000;"Powiat drawski";"ogółem na 1 km2 powierzchni";"2021";0,02;"t/r";"";
3204000;"Powiat goleniowski";"ogółem na 1 km2 powierzchni";"2021";0,03;"t/r";"";
3206000;"Powiat gryfiński";"ogółem na 1 km2 powierzchni";"2021";0,03;"t/r";"";
3208000;"Powiat kołobrzeski";"ogółem na 1 km2 powierzchni";"2021";0,01;"t/r";"";
3209000;"Powiat koszaliński";"ogółem na 1 km2 powierzchni";"2021";0,03;"t/r";"";
3210000;"Powiat myśliborski";"ogółem na 1 km2 powierzchni";"2021";0,02;"t/r";"";
3211000;"Powiat policki";"ogółem na 1 km2 powierzchni";"2021";0,65;"t/r";"";
3212000;"Powiat pyrzycki";"ogółem na 1 km2 powierzchni";"2021";0,00;"t/r";"a";
3213000;"Powiat sławieński";"ogółem na 1 km2 powierzchni";"2021";0,01;"t/r";"";
3214000;"Powiat stargardzki";"ogółem na 1 km2 powierzchni";"2021";0,08;"t/r";"";
3215000;"Powiat szczecinecki";"ogółem na 1 km2 powierzchni";"2021";0,12;"t/r";"";
3216000;"Powiat świdwiński";"ogółem na 1 km2 powierzchni";"2021";0,01;"t/r";"";
3217000;"Powiat wałecki";"ogółem na 1 km2 powierzchni";"2021";0,04;"t/r";"";
3218000;"Powiat łobeski";"ogółem na 1 km2 powierzchni";"2021";0,02;"t/r";"";
3261000;"Powiat m.Koszalin";"ogółem na 1 km2 powierzchni";"2021";0,18;"t/r";"";
3262000;"Powiat m.Szczecin";"ogółem na 1 km2 powierzchni";"2021";0,47;"t/r";"";
3263000;"Powiat m.Świnoujście";"ogółem na 1 km2 powierzchni";"2021";0,94;"t/r";"";
